Generation,mean_threads,stderr,gen_size,mode,min,max
1,1.8,0.30983866769659335,10,1,1,4
2,2.1,0.17029386365926402,10,2,1,3
3,2.3,0.24698178070456936,10,3,1,3
4,2.4,0.15491933384829668,10,2,2,3
5,2.3,0.24698178070456936,10,3,1,3
6,2.9,0.09486832980505137,10,3,2,3
7,3.0,0.0,10,3,3,3
8,3.0,0.0,10,3,3,3
9,3.0,0.0,10,3,3,3
10,3.0,0.0,10,3,3,3
