Generation,mean_threads,stderr,gen_size,mode,min,max
1,1.5,0.21213203435596426,10,1,1,3
2,1.8,0.30983866769659335,10,1,0,3
3,2.4,0.20976176963403032,10,3,1,3
4,2.4,0.322490309931942,10,3,0,3
5,2.9,0.09486832980505137,10,3,2,3
6,2.8,0.12649110640673517,10,3,2,3
7,2.5,0.15811388300841897,10,2,2,3
8,2.7,0.14491376746189438,10,3,2,3
9,3.0,0.0,10,3,3,3
10,3.0,0.0,10,3,3,3
