child,child_fitness,child_xoverparent1,parent_1_fitness,parent1_co_points,parent2,parent2_fitness,parent2_co_points,mean_parent_co_points,selection_differential_co_points,mean_parents_fitness,selection_differential_fitness
2_0_1_0_1_6,0.004410487184971615,2,1_0_ _ _ _ ,0.04403370919291464,2,1_6_ _ _ _ ,0.009771530755327367,2,2.0,-2.220446049250313e-16,0.026902619974121002,-0.01628764949207115
3_0_2_8_2_4,0.009534634806112925,6,2_8_1_6_1_0,0.012122865107920126,5,2_4_1_4_1_6,0.008808427603364463,3,4.0,-0.8000000000000003,0.010465646355642295,-0.004081104689025411
4_0_3_7_3_6,0.008350124548945183,7,3_7_2_4_2_3,0.015090013967454354,6,3_6_2_5_2_0,0.027423035824873647,4,5.0,-0.10000000000000053,0.021256524896164,-0.009785244825113056
5_0_4_3_4_2,0.006401364992102887,7,4_3_3_4_3_0,0.01650824209241626,8,4_2_3_6_3_5,0.030154271689762403,4,6.0,-0.2999999999999998,0.023331256891089332,-0.01099329569274308
6_0_5_9_5_3,0.008414319514928069,7,5_9_4_1_4_3,0.010441991953002645,10,5_3_4_4_4_7,0.008108922680641594,4,7.0,-0.7999999999999998,0.00927545731682212,-0.0023249168702022304
7_0_6_2_6_0,0.00412180981020013,7,6_2_5_9_5_3,0.006633782581455791,7,6_0_5_9_5_3,0.008414319514928069,7,7.0,-0.9000000000000004,0.00752405104819193,-0.001263605850028238
8_0_7_7_7_2,,9,7_7_6_8_6_5,0.008405976807209333,8,7_2_6_0_6_2,0.009100652639294082,7,7.5,-0.8999999999999995,0.008753314723251707,-0.0013548507619725557
