Generation,mean_threads,stderr,gen_size,mode,min,max
1,1.6,0.25298221281347033,10,1,1,3
2,1.7,0.4483302354291979,10,0,0,4
3,2.2,0.30983866769659335,10,3,1,3
4,2.8,0.18973665961010275,10,3,1,3
5,3.0,0.0,10,3,3,3
6,3.0,0.0,10,3,3,3
7,3.0,0.0,10,3,3,3
8,3.0,0.0,10,3,3,3
9,3.0,0.0,10,3,3,3
