Generation,mean_threads,stderr,gen_size,mode,min,max
1,1.7,0.24698178070456936,10,1,1,3
2,2.2,0.30983866769659335,10,3,1,3
3,2.8,0.23664319132398462,10,3,1,4
4,2.9,0.09486832980505137,10,3,2,3
5,3.0,0.0,10,3,3,3
6,3.0,0.0,10,3,3,3
7,3.0,0.0,10,3,3,3
8,3.0,0.0,10,3,3,3
9,3.0,0.0,10,3,3,3
10,2.8,0.12649110640673517,10,3,2,3
