Generation,mean_threads,stderr,gen_size,mode,min,max
1,1.7,0.317804971641414,10,1,1,4
2,2.2,0.23664319132398462,10,2,1,3
3,3.0,0.0,10,3,3,3
4,3.0,0.0,10,3,3,3
5,3.2,0.12649110640673517,10,3,3,4
6,3.4,0.15491933384829668,10,3,3,4
7,3.7,0.14491376746189438,10,4,3,4
8,3.9,0.09486832980505137,10,4,3,4
9,4.0,0.0,10,4,4,4
10,3.9,0.09486832980505137,10,4,3,4
